{
    "status": "ok",
    "totalResults": 38,
    "articles": [
      {
        "source": {
          "id": null,
          "name": "The Tribune India"
        },
        "author": "The Tribune India",
        "title": "New Slim Keto + ACV Gummies Review - Scam or Real Quick Shot Slim Candy Keto Gummies? - The Tribune India",
        "description": "Weight loss is something everyone is asking about nowadays, and New Slim Keto + ACV Gummies can help people have slimmer bodies. Unfortunately, today it takes work to maintain a healthy weight due to carb-filled foods and artificial ingredients that only add …",
        "url": "https://www.tribuneindia.com/news/brand-connect/new-slim-keto-acv-gummies-review-scam-or-real-quick-shot-slim-candy-keto-gummies-450907",
        "urlToImage": "https://englishtribuneimages.blob.core.windows.net/gallary-content/2022/11/2022_11$largeimg_809340797.jpg",
        "publishedAt": "2022-11-14T12:23:00Z",
        "content": "Weight loss is something everyone is asking about nowadays, and New Slim Keto + ACV Gummies can help people have slimmer bodies. Unfortunately, today it takes work to maintain a healthy weight due to… [+6307 chars]"
      },
      {
        "source": {
          "id": null,
          "name": "NDTV News"
        },
        "author": null,
        "title": "Mamata Banerjee Apologises For Trinamool Minister's Comments On President - NDTV",
        "description": "West Bengal Chief Minister Mamata Banerjee has apologised for her minister's comments on the President Droupadi Murmu. Saying it is not in her party's culture to make personal comments, she added the MLA has been cautioned over his comments.",
        "url": "https://www.ndtv.com/india-news/mamata-banerjee-apologises-for-trinamools-minister-comments-on-president-droupadi-murmu-beauty-is-not-about-how-you-look-3518867",
        "urlToImage": "https://c.ndtvimg.com/2022-09/3ln6tu7o_mamata-banerjee-pti_625x300_08_September_22.jpg",
        "publishedAt": "2022-11-14T11:58:13Z",
        "content": "\"Beauty is not about how you look, it is about how you are from the inside,\" she added.\r\nKolkata: West Bengal Chief Minister Mamata Banerjee today condemned and apologised for her minister's comments… [+2236 chars]"
      },
      {
        "source": {
          "id": null,
          "name": "India Today"
        },
        "author": "India Today Web Desk",
        "title": "China's ring of telescopes ready to unravel Sun from Tibetan Plateau - India Today",
        "description": "China's ring of the telescope is ready to explore the secrets of the Sun.",
        "url": "https://www.indiatoday.in/science/story/chinas-ring-of-telescopes-ready-to-unravel-sun-from-tibetan-plateau-2297143-2022-11-14",
        "urlToImage": "https://akm-img-a-in.tosshub.com/indiatoday/images/story/202211/daocheng_telescope-sixteen_nine.jpg?VersionId=aA4Axun4nobtibKvk1QEAvl8XdzCUtAZ",
        "publishedAt": "2022-11-14T11:41:12Z",
        "content": "By India Today Web Desk: With plans to venture deep into space from the permanently shadowed regions of the moon to the flying objects in the asteroid, China is smoothly progressing when it comes to … [+2432 chars]"
      },
      {
        "source": {
          "id": null,
          "name": "YouTube"
        },
        "author": null,
        "title": "World Diabetes Day: The lowdown on the chronic disease - CNA",
        "description": null,
        "url": "https://www.youtube.com/supported_browsers?next_url=https:%2F%2Fwww.youtube.com%2Fwatch%3Fv%3Dr8Fcigatj3Q",
        "urlToImage": null,
        "publishedAt": "2022-11-14T11:35:09Z",
        "content": null
      },
      {
        "source": {
          "id": null,
          "name": "GSMArena.com"
        },
        "author": "Michail",
        "title": "WhatsApp beta for Android now supports companion mode and link to tablet - GSMArena.com news - GSMArena.com",
        "description": "Both features are exclusive to the latest WhatsApp for Android beta.",
        "url": "https://www.gsmarena.com/whatsapp_beta_for_android_now_supports_companion_mode_and_link_to_tablet-news-56517.php",
        "urlToImage": "https://fdn.gsmarena.com/imgroot/news/22/11/whatsapp-android-beta-companion-app-link-to-tablet/-952x498w6/gsmarena_00.jpg",
        "publishedAt": "2022-11-14T11:34:01Z",
        "content": "WhatsApp now allows beta users to link their accounts to a secondary phone and an Android tablet. The latest WhatsApp beta for Android - version 2.22.24.18 brings companion mode which allows you to l… [+927 chars]"
      },
      {
        "source": {
          "id": null,
          "name": "NDTV News"
        },
        "author": null,
        "title": "Tihar Official Suspended Over Alleged VIP Treatment To Jailed AAP Minister - NDTV",
        "description": "The action was taken on the recommendation of an inquiry committee constituted by the Lieutenant Governor of Delhi after alleged conman Sukesh Chandrashekhar accused the Superintendent of jail number 7 of extending favours to Satyendar Jain.",
        "url": "https://www.ndtv.com/india-news/tihar-jail-superintendent-suspended-over-alleged-vip-treatment-to-jailed-aap-minister-satyendar-jain-3518636",
        "urlToImage": "https://c.ndtvimg.com/2022-05/8v1lpl9_satyendar-jain-pti-650_650x400_31_May_22.jpg",
        "publishedAt": "2022-11-14T11:34:00Z",
        "content": "The Aam Aadmi Party had dismissed the allegations, calling them absurd and baseless.\r\nNew Delhi: Superintendent of Delhi's Tihar Jail, Ajit Kumar, was today suspended for alleged VIP treatment to jai… [+2386 chars]"
      },
      {
        "source": {
          "id": null,
          "name": "Abplive.com"
        },
        "author": "Varun Jain",
        "title": "Delhi Murder: Man Who Chopped Partner's Body Parts Was 'Inspired' By Web Series Dexter - ABP Live",
        "description": "The authorities claim that Aftab brought a refrigerator where he kept his live-in partner's dismembered remains for 18 days before attempting to dispose of it.",
        "url": "https://news.abplive.com/news/india/delhi-murder-man-who-chopped-partner-s-body-parts-was-inspired-by-web-series-dexter-1563321",
        "urlToImage": "https://feeds.abplive.com/onecms/images/uploaded-images/2022/11/14/0bbfe993e37c873c52acab5fa9e479e41668423604971340_original.jpg?impolicy=abp_cdn&imwidth=1200&imheight=628",
        "publishedAt": "2022-11-14T11:29:57Z",
        "content": "Aftab Ameen Poonawala, a 28-year-old man who allegedly murdered his live-in partner, chopped her body into 35 pieces and dumped them in Delhi's Mehrauli forest over 18 days, was 'inspired\" by the dra… [+1840 chars]"
      },
      {
        "source": {
          "id": null,
          "name": "NDTV News"
        },
        "author": "NDTV Sports Desk",
        "title": "Watch: England Players Wait For Moeen Ali, Adil Rashid To Step Aside Before Champagne Celebration - NDTV Sports",
        "description": "The England players waited for Moeen Ali and Adil Rashid, both of whom are followers of Islam, to step aside before bringing out the champagne celebration.",
        "url": "https://sports.ndtv.com/t20-world-cup-2022/england-players-wait-for-moeen-ali-adil-rashid-to-step-aside-before-champagne-celebration-watch-3518754",
        "urlToImage": "https://c.ndtvimg.com/2022-11/9pp7kl5o_england-cricket-team-afp_625x300_14_November_22.jpg?im=FeatureCrop,algorithm=dnn,width=1200,height=675",
        "publishedAt": "2022-11-14T11:25:36Z",
        "content": "England defeated Pakistan by 5 wickets at the Melbourne Cricket Ground on Sunday to clinch the 2022 T20 World Cup title. It was indeed a matter of pride and joy at the same time for the side as it ba… [+1385 chars]"
      },
      {
        "source": {
          "id": null,
          "name": "Moneycontrol"
        },
        "author": "Moneycontrol News",
        "title": "L&T Infotech and Mindtree merger gets nod, will become India’s 5th largest IT firm by market cap - Moneycontrol",
        "description": "L&amp;T Group Chairman AM Naik said he expects LTIMindtree to generate $5 billion in revenue by next year.",
        "url": "https://www.moneycontrol.com/news/business/mergers-acquisitions/lt-infotech-and-mindtree-merger-gets-nod-will-become-indias-5th-largest-it-firm-by-market-cap-9519851.html",
        "urlToImage": "https://images.moneycontrol.com/static-mcnews/2020/03/AM-Naik-1-770x433.jpg",
        "publishedAt": "2022-11-14T11:04:19Z",
        "content": "L&amp;T Infotech and Mindtree have received merger approval and will begin operating as a merged entity on November 14, becoming the country's fifth-largest IT provider by market capitalisation and s… [+5235 chars]"
      },
      {
        "source": {
          "id": null,
          "name": "The Indian Express"
        },
        "author": "Yashee",
        "title": "Relationship between Jawaharlal Nehru, Edwina Mountbatten, Lord Mountbatten - The Indian Express",
        "description": "The Mountbattens and Nehru shared a relationship of love and respect, one that cast an indelible imprint on how independent India took shape. Here are some anecdotes.",
        "url": "https://indianexpress.com/article/explained/unique-bond-of-nehru-edwina-and-lord-mountbatten-8267933/",
        "urlToImage": "https://images.indianexpress.com/2022/11/nehruu-1200.jpg",
        "publishedAt": "2022-11-14T10:41:26Z",
        "content": "On his 133rd birth anniversary, the first Prime Minister of India, Jawaharlal Nehru, remains among the most talked-about politicians in the country. While his policies and decisions as prime minister… [+5967 chars]"
      },
      {
        "source": {
          "id": null,
          "name": "The Indian Express"
        },
        "author": "Rinku Ghosh",
        "title": "As more younger Indians get diabetes, tutor a child's tastebuds from the womb, change his school tiffin, say experts - The Indian Express",
        "description": "‘Now 20 per cent of the younger population between 35 and 40 have diabetes. Most worryingly, Type 2 diabetes, which is mostly an adult disease, is now being reported by teenagers,’ says Dr Ambrish Mithal, Chairman and Head, Endocrinology and Diabetes, Max Hea…",
        "url": "https://indianexpress.com/article/lifestyle/health-specials/young-indians-diabetes-tutor-child-tastebuds-womb-school-tiffin-say-experts-8267830/",
        "urlToImage": "https://images.indianexpress.com/2018/06/diabetes-2994808_12801.jpg",
        "publishedAt": "2022-11-14T10:31:39Z",
        "content": "Diabetes is now not just about epidemic proportions in the country, it is worrisome that the younger generations are reporting a higher incidence. It would be wrong to say the burden is increasing in… [+7290 chars]"
      },
      {
        "source": {
          "id": null,
          "name": "Abplive.com"
        },
        "author": "ABP News Bureau",
        "title": "'Ready For Candid, In-Depth Exchange Of Views': Xi Tells Biden As Both Leaders Shake Hands In Bali - ABP Live",
        "description": "Xi and Biden greeted each other with a handshake at a luxury resort hotel in Indonesia.",
        "url": "https://news.abplive.com/news/joe-biden-xi-jinping-shake-hands-high-stakes-bali-g20-summit-indonesia-in-depth-exchange-of-views-leaders-economic-security-tensions-1563307",
        "urlToImage": "https://feeds.abplive.com/onecms/images/uploaded-images/2022/11/14/c1e2a01311fde282fe1d2622ea5248f91668421083224375_original.jpg?impolicy=abp_cdn&imwidth=1200&imheight=628",
        "publishedAt": "2022-11-14T10:18:35Z",
        "content": "Amid increasing economic and security tensions between the two nations, US President Joe Biden and Chinese President Xi Jinping on Monday shook hands at the start of their high-stakes summit in Bali,… [+1708 chars]"
      }
    ]
  }